Datetime,Open,High,Low,Close,Volume
2024-02-22T00:00:00.000+0000,47949.0,48102.0,47043.0,47382.0,464.68489836
2024-02-23T00:00:00.000+0000,47382.0,47599.0,46662.0,46869.0,480.07363232
2024-02-24T00:00:00.000+0000,46858.0,47738.0,46756.0,47621.0,300.54013222
2024-02-25T00:00:00.000+0000,47606.0,47979.0,47395.0,47814.0,271.02638856
2024-02-26T00:00:00.000+0000,47815.0,50500.0,46952.0,50030.0,1450.17370628
2024-02-27T00:00:00.000+0000,50030.0,53056.0,50025.0,52580.0,1770.85405397
2024-02-28T00:00:00.000+0000,52593.0,59000.0,49069.0,57552.0,3766.64867416
2024-02-29T00:00:00.000+0000,57550.0,58748.0,55555.0,56545.0,2066.92052313
2024-03-01T00:00:00.000+0000,56545.0,58200.0,56144.0,57517.0,1046.39787706
2024-03-02T00:00:00.000+0000,57503.0,57580.0,56800.0,57178.0,551.44851722
2024-03-03T00:00:00.000+0000,57138.0,58400.0,56602.0,58199.0,573.87923108
2024-03-04T00:00:00.000+0000,58203.0,63000.0,57400.0,62858.0,2438.57603223
2024-03-05T00:00:00.000+0000,62870.0,63534.0,49220.0,58895.0,4580.94773829
2024-03-06T00:00:00.000+0000,58848.0,62500.0,57923.0,60637.0,1402.82837665
2024-03-07T00:00:00.000+0000,60637.0,62324.0,60200.0,61050.0,944.12722113
2024-03-08T00:00:00.000+0000,61049.0,63953.0,60384.0,62353.0,1633.60646189
2024-03-09T00:00:00.000+0000,62358.0,62767.0,62108.0,62483.0,575.4593417
2024-03-10T00:00:00.000+0000,62473.0,63895.0,62343.0,63064.0,818.08765304
2024-03-11T00:00:00.000+0000,63071.0,66500.0,61528.0,65794.0,1886.98473872
2024-03-12T00:00:00.000+0000,65793.0,66935.0,62900.0,65410.0,1917.82232431
2024-03-13T00:00:00.000+0000,65399.0,67451.0,65228.0,66783.0,1050.74834921
2024-03-14T00:00:00.000+0000,66780.0,67450.0,63000.0,65663.0,1784.78372578
2024-03-15T00:00:00.000+0000,65667.0,66575.0,60003.0,63859.0,2806.24231419
2024-03-16T00:00:00.000+0000,63894.0,64373.0,59335.0,59842.0,1449.86831695
2024-03-17T00:00:00.000+0000,59836.0,63700.0,59050.0,62913.0,1507.67482132
2024-03-18T00:00:00.000+0000,62901.0,63320.0,61136.0,62151.0,820.41987442
2024-03-19T00:00:00.000+0000,62134.0,62600.0,56564.0,56928.0,2513.9651917
2024-03-20T00:00:00.000+0000,56919.0,62499.0,55885.0,62092.0,2251.53927247
2024-03-21T00:00:00.000+0000,62092.0,62500.0,59456.0,60328.0,959.270102
2024-03-22T00:00:00.000+0000,60326.0,61577.0,57745.0,59158.0,1017.56486278
2024-03-23T00:00:00.000+0000,59149.0,61175.0,58403.0,59251.0,557.41491927
2024-03-24T00:00:00.000+0000,59243.0,62560.0,59090.0,62171.0,818.11477366
2024-03-25T00:00:00.000+0000,62179.0,65600.0,61356.0,64398.0,1614.77397913
2024-03-26T00:00:00.000+0000,64380.0,65985.0,63801.0,64590.0,951.77987239
2024-03-27T00:00:00.000+0000,64580.0,66298.0,63215.0,64244.0,982.81910038
2024-03-28T00:00:00.000+0000,64215.0,66209.0,63681.0,65568.0,756.17863104
2024-03-29T00:00:00.000+0000,65569.0,65748.0,64000.0,64766.0,514.10102482
2024-03-30T00:00:00.000+0000,64777.0,65157.0,64534.0,64599.0,258.25725445
2024-03-31T00:00:00.000+0000,64579.0,66145.0,64557.0,66064.0,410.44439116
2024-04-01T00:00:00.000+0000,66057.0,66057.0,63478.0,64924.0,835.75015401
2024-04-02T00:00:00.000+0000,64939.0,64955.0,60019.0,60890.0,1666.39341628
2024-04-03T00:00:00.000+0000,60903.0,62000.0,60041.0,60945.0,784.20749417
2024-04-04T00:00:00.000+0000,60923.0,64000.0,60081.0,63295.0,959.67963453
2024-04-05T00:00:00.000+0000,63298.0,63463.0,61071.0,62635.0,824.01982222
2024-04-06T00:00:00.000+0000,62638.0,64326.0,62295.0,63590.0,381.14452114
2024-04-07T00:00:00.000+0000,63599.0,64845.0,63502.0,64033.0,551.86862292
2024-04-08T00:00:00.000+0000,64024.0,67150.0,63765.0,65910.0,1668.75393815
2024-04-09T00:00:00.000+0000,65898.0,66040.0,62871.0,63706.0,1176.26140594
2024-04-10T00:00:00.000+0000,63665.0,66176.0,62610.0,65720.0,992.67737621
2024-04-11T00:00:00.000+0000,65725.0,66358.0,64875.0,65264.0,833.02210055
2024-04-12T00:00:00.000+0000,65258.0,66569.0,61598.0,63789.0,1710.60017246
2024-04-13T00:00:00.000+0000,63756.0,64815.0,57500.0,61192.0,1756.6239398
2024-04-14T00:00:00.000+0000,61163.0,63390.0,59024.0,61926.0,1222.77539217
2024-04-15T00:00:00.000+0000,61884.0,62878.0,58625.0,59799.0,1271.00995821
2024-04-16T00:00:00.000+0000,59814.0,60681.0,58001.0,60118.0,1268.19437891
2024-04-17T00:00:00.000+0000,60107.0,60836.0,56083.0,57475.0,1563.67742694
2024-04-18T00:00:00.000+0000,57466.0,60242.0,56854.0,59712.0,1221.33317438
2024-04-19T00:00:00.000+0000,59731.0,61500.0,56226.0,59993.0,1590.81621894
2024-04-20T00:00:00.000+0000,60025.0,61578.0,59308.0,61074.0,670.66778401
2024-04-21T00:00:00.000+0000,61068.0,61714.0,60392.0,60981.0,458.13149691
2024-04-22T00:00:00.000+0000,60980.0,63147.0,60524.0,62779.0,668.38548501
2024-04-23T00:00:00.000+0000,62775.0,63096.0,61678.0,62065.0,583.45496377
2024-04-24T00:00:00.000+0000,62048.0,62662.0,59455.0,60124.0,869.66933883
2024-04-25T00:00:00.000+0000,60102.0,60887.0,58787.0,60159.0,712.91036099
2024-04-26T00:00:00.000+0000,60179.0,60595.0,59276.0,59662.0,476.46272305
2024-04-27T00:00:00.000+0000,59663.0,59810.0,58350.0,59385.0,507.20061191
2024-04-28T00:00:00.000+0000,59387.0,60158.0,58671.0,58970.0,299.66900533
2024-04-29T00:00:00.000+0000,58957.0,59889.0,57769.0,59560.0,702.99748035
2024-04-30T00:00:00.000+0000,59560.0,60351.0,55320.0,56858.0,1381.20624482
2024-05-01T00:00:00.000+0000,56845.0,56983.0,52850.0,54414.0,2253.54602857
2024-05-02T00:00:00.000+0000,54383.0,55610.0,53150.0,55066.0,984.73886361
2024-05-03T00:00:00.000+0000,55062.0,58911.0,54826.0,58503.0,1183.89845488
2024-05-04T00:00:00.000+0000,58496.0,60000.0,58141.0,59386.0,606.36712217
2024-05-05T00:00:00.000+0000,59396.0,60000.0,58440.0,59502.0,400.0434549
2024-05-06T00:00:00.000+0000,59508.0,60827.0,58220.0,58662.0,849.50391244
2024-05-07T00:00:00.000+0000,58665.0,59850.0,57936.0,57980.0,561.63810072
2024-05-08T00:00:00.000+0000,57959.0,58666.0,56642.0,56959.0,580.84078057
2024-05-09T00:00:00.000+0000,56942.0,58841.0,56456.0,58513.0,582.15499792
2024-05-10T00:00:00.000+0000,58515.0,58891.0,55911.0,56525.0,731.3306214
2024-05-11T00:00:00.000+0000,56564.0,57219.0,56209.0,56516.0,235.34219588
2024-05-12T00:00:00.000+0000,56513.0,57448.0,56320.0,57091.0,175.83953064
2024-05-13T00:00:00.000+0000,57105.0,58750.0,56430.0,58296.0,563.08644137
2024-05-14T00:00:00.000+0000,58291.0,58470.0,56505.0,56933.0,481.95042461
2024-05-15T00:00:00.000+0000,56919.0,60884.0,56737.0,60558.0,936.77182128
2024-05-16T00:00:00.000+0000,60573.0,61184.0,58900.0,59856.0,626.84732748
2024-05-17T00:00:00.000+0000,59873.0,62018.0,59790.0,61614.0,572.15763948
2024-05-18T00:00:00.000+0000,61618.0,61967.0,61228.0,61525.0,234.11438994
2024-05-19T00:00:00.000+0000,61537.0,62194.0,60529.0,60887.0,312.17376157
2024-05-20T00:00:00.000+0000,60882.0,64424.0,60700.0,64186.0,904.2989134
2024-05-21T00:00:00.000+0000,64248.0,65423.0,63000.0,64262.0,994.99540299
2024-05-22T00:00:00.000+0000,64276.0,65096.0,63477.0,63828.0,504.49444798
2024-05-23T00:00:00.000+0000,63863.0,64550.0,61477.0,62927.0,745.0955131
2024-05-24T00:00:00.000+0000,62916.0,63899.0,61560.0,63267.0,421.18841373
2024-05-25T00:00:00.000+0000,63267.0,64231.0,63212.0,63925.0,162.82903747
2024-05-26T00:00:00.000+0000,63945.0,64123.0,62926.0,63175.0,153.48276217
2024-05-27T00:00:00.000+0000,63172.0,64979.0,62772.0,63868.0,475.95170201
2024-05-28T00:00:00.000+0000,63852.0,63957.0,61935.0,62957.0,448.6498892
2024-05-29T00:00:00.000+0000,62958.0,63454.0,62077.0,62591.0,252.27212826
2024-05-30T00:00:00.000+0000,62563.0,64061.0,62066.0,63076.0,400.75857998
2024-05-31T00:00:00.000+0000,63071.0,63600.0,61500.0,62261.0,387.6090599
2024-06-01T00:00:00.000+0000,62303.0,62598.0,62183.0,62464.0,90.17380401
2024-06-02T00:00:00.000+0000,62464.0,63069.0,62047.0,62464.0,173.84705235
2024-06-03T00:00:00.000+0000,62465.0,64689.0,62315.0,63088.0,569.95079513
2024-06-04T00:00:00.000+0000,63066.0,65192.0,62918.0,64675.0,656.33221594
2024-06-05T00:00:00.000+0000,64682.0,66000.0,64540.0,65315.0,559.09602685
2024-06-06T00:00:00.000+0000,65312.0,65800.0,64346.0,64984.0,349.53798953
2024-06-07T00:00:00.000+0000,64982.0,66073.0,63410.0,64334.0,705.53080431
2024-06-08T00:00:00.000+0000,64325.0,64563.0,64156.0,64324.0,124.11983836
2024-06-09T00:00:00.000+0000,64326.0,64888.0,64158.0,64712.0,134.60819525
2024-06-10T00:00:00.000+0000,64700.0,65291.0,64370.0,64561.0,261.42565916
2024-06-11T00:00:00.000+0000,64537.0,64599.0,61611.0,62769.0,781.08724551
2024-06-12T00:00:00.000+0000,62748.0,64800.0,62207.0,63142.0,602.19286846
2024-06-13T00:00:00.000+0000,63182.0,63286.0,61640.0,62220.0,372.24412746
2024-06-14T00:00:00.000+0000,62222.0,63092.0,60807.0,61773.0,482.67575083
2024-06-15T00:00:00.000+0000,61765.0,62124.0,61500.0,61847.0,138.69898533
2024-06-16T00:00:00.000+0000,61842.0,62545.0,61719.0,62304.0,106.04213032
2024-06-17T00:00:00.000+0000,62285.0,62684.0,60728.0,61958.0,397.61936637
2024-06-18T00:00:00.000+0000,61935.0,61960.0,59645.0,60670.0,578.86845651
2024-06-19T00:00:00.000+0000,60685.0,61210.0,60202.0,60485.0,213.17035629
2024-06-20T00:00:00.000+0000,60462.0,61944.0,60251.0,60576.0,324.49530175
2024-06-21T00:00:00.000+0000,60601.0,60752.0,59300.0,59983.0,353.95305656
2024-06-22T00:00:00.000+0000,59996.0,60339.0,59831.0,59990.0,95.60828664
2024-06-23T00:00:00.000+0000,60000.0,60248.0,59110.0,59122.0,122.2528403
2024-06-24T00:00:00.000+0000,59121.0,59250.0,54350.0,56158.0,1257.90585545
2024-06-25T00:00:00.000+0000,56163.0,58280.0,56120.0,57783.0,545.71333523
2024-06-26T00:00:00.000+0000,57766.0,58331.0,56845.0,56931.0,282.8299843
2024-06-27T00:00:00.000+0000,56952.0,58174.0,56618.0,57557.0,303.76702123
2024-06-28T00:00:00.000+0000,57538.0,58136.0,56001.0,56347.0,342.09149202
2024-06-29T00:00:00.000+0000,56376.0,57116.0,56340.0,56882.0,155.00837182
2024-06-30T00:00:00.000+0000,56900.0,58644.0,56640.0,58405.0,201.26253052
2024-07-01T00:00:00.000+0000,58418.0,59474.0,58093.0,58548.0,292.66875376
2024-07-02T00:00:00.000+0000,58553.0,58913.0,57520.0,57745.0,234.87725737
2024-07-03T00:00:00.000+0000,57746.0,57885.0,55061.0,55794.0,527.59174993
2024-07-04T00:00:00.000+0000,55812.0,56012.0,52529.0,52808.0,1329.37561329
2024-07-05T00:00:00.000+0000,52812.0,54359.0,49576.0,52305.0,1845.59184098
2024-07-06T00:00:00.000+0000,52295.0,53948.0,51751.0,53746.0,491.53050431
2024-07-07T00:00:00.000+0000,53720.0,53877.0,51473.0,51604.0,457.41894984
2024-07-08T00:00:00.000+0000,51592.0,53726.0,50178.0,52348.0,752.75470642
2024-07-09T00:00:00.000+0000,52317.0,53922.0,51924.0,53644.0,459.98359175
2024-07-10T00:00:00.000+0000,53663.0,54966.0,52815.0,53307.0,485.43845992
2024-07-11T00:00:00.000+0000,53303.0,54700.0,52633.0,52751.0,457.99059483
2024-07-12T00:00:00.000+0000,52755.0,53667.0,52062.0,53069.0,353.51852254
2024-07-13T00:00:00.000+0000,53081.0,54849.0,52964.0,54255.0,304.06281466
2024-07-14T00:00:00.000+0000,54280.0,56395.0,54272.0,55865.0,406.83279551
2024-07-15T00:00:00.000+0000,55865.0,59546.0,55726.0,59397.0,691.86263473
2024-07-16T00:00:00.000+0000,59394.0,60000.0,57171.0,59664.0,774.69474292
2024-07-17T00:00:00.000+0000,59694.0,60625.0,58436.0,58587.0,552.25637599
2024-07-18T00:00:00.000+0000,58597.0,59630.0,58038.0,58712.0,336.31657356
2024-07-19T00:00:00.000+0000,58721.0,61927.0,58192.0,61202.0,569.37549372
2024-07-20T00:00:00.000+0000,61205.0,62078.0,60846.0,61588.0,258.04447304
2024-07-21T00:00:00.000+0000,61588.0,62651.0,60313.0,62429.0,425.62961176
2024-07-22T00:00:00.000+0000,62465.0,62720.0,61165.0,62008.0,405.56375391
2024-07-23T00:00:00.000+0000,62004.0,62205.0,60333.0,60773.0,462.27391125
2024-07-24T00:00:00.000+0000,60769.0,61800.0,60100.0,60345.0,334.4476882
2024-07-25T00:00:00.000+0000,60342.0,61065.0,58539.0,60677.0,546.82510922
2024-07-26T00:00:00.000+0000,60682.0,62800.0,60600.0,62522.0,501.79538604
2024-07-27T00:00:00.000+0000,62527.0,63845.0,61350.0,62431.0,562.70630975
2024-07-28T00:00:00.000+0000,62390.0,62870.0,61655.0,62837.0,227.26581223
2024-07-29T00:00:00.000+0000,62838.0,64636.0,61333.0,61726.0,962.60713245
2024-07-30T00:00:00.000+0000,61685.0,61893.0,60425.0,61183.0,436.10096345
2024-07-31T00:00:00.000+0000,61188.0,61800.0,59615.0,59727.0,519.25361733
2024-08-01T00:00:00.000+0000,59719.0,60844.0,57725.0,60567.0,795.55283391
2024-08-02T00:00:00.000+0000,60612.0,60800.0,56092.0,56362.0,756.44213877
2024-08-03T00:00:00.000+0000,56360.0,57138.0,55000.0,55743.0,589.75045041
2024-08-04T00:00:00.000+0000,55733.0,56152.0,52501.0,53321.0,985.14932987
2024-08-05T00:00:00.000+0000,53327.0,53450.0,44821.0,49468.0,3767.41580486
2024-08-06T00:00:00.000+0000,49523.0,52317.0,49489.0,51397.0,1219.73013245
2024-08-07T00:00:00.000+0000,51375.0,52973.0,50000.0,50483.0,876.57446777
2024-08-08T00:00:00.000+0000,50483.0,57468.0,50131.0,56514.0,859.73952783
2024-08-09T00:00:00.000+0000,56523.0,56560.0,54535.0,55792.0,530.39084856
2024-08-10T00:00:00.000+0000,55787.0,56352.0,55240.0,55859.0,182.32177775
2024-08-11T00:00:00.000+0000,55870.0,56691.0,53420.0,53809.0,398.30036076
2024-08-12T00:00:00.000+0000,53816.0,55549.0,52775.0,54294.0,583.88160937
2024-08-13T00:00:00.000+0000,54289.0,56133.0,53500.0,55112.0,598.13925581
2024-08-14T00:00:00.000+0000,55116.0,56081.0,53121.0,53355.0,669.1573681
2024-08-15T00:00:00.000+0000,53366.0,54500.0,51153.0,52503.0,717.86588732
2024-08-16T00:00:00.000+0000,52511.0,54338.0,52069.0,53461.0,583.42723581
2024-08-17T00:00:00.000+0000,53466.0,54200.0,53384.0,53996.0,130.38603466
2024-08-18T00:00:00.000+0000,54000.0,54681.0,52900.0,53028.0,277.13684878
2024-08-19T00:00:00.000+0000,53032.0,53800.0,52400.0,53655.0,497.78063938
2024-08-20T00:00:00.000+0000,53659.0,55443.0,52716.0,53053.0,762.83178926
2024-08-21T00:00:00.000+0000,53052.0,55443.0,52865.0,54799.0,675.18443689
2024-08-22T00:00:00.000+0000,54821.0,55154.0,53620.0,54319.0,443.53425353
2024-08-23T00:00:00.000+0000,54339.0,57967.0,54308.0,57149.0,896.11484161
2024-08-24T00:00:00.000+0000,57191.0,57561.0,56666.0,57237.0,304.3835101
2024-08-25T00:00:00.000+0000,57242.0,58105.0,56825.0,57382.0,217.08991868
2024-08-26T00:00:00.000+0000,57387.0,57589.0,56255.0,56301.0,392.74847102
2024-08-27T00:00:00.000+0000,56300.0,56614.0,52000.0,53239.0,731.37868278
2024-08-28T00:00:00.000+0000,53212.0,54184.0,52095.0,53105.0,640.01328136
2024-08-29T00:00:00.000+0000,53089.0,55240.0,52954.0,53624.0,467.66755992
2024-08-30T00:00:00.000+0000,53606.0,54071.0,52278.0,53541.0,547.71040337
2024-08-31T00:00:00.000+0000,53555.0,53859.0,53190.0,53389.0,84.84065671
2024-09-01T00:00:00.000+0000,53388.0,53471.0,51830.0,51917.0,310.50666478
2024-09-02T00:00:00.000+0000,51931.0,53700.0,51730.0,53438.0,385.39506735
2024-09-03T00:00:00.000+0000,53441.0,54049.0,51950.0,52051.0,330.9709759
2024-09-04T00:00:00.000+0000,52051.0,52833.0,50383.0,52326.0,707.67113646
2024-09-05T00:00:00.000+0000,52337.0,52647.0,50090.0,50567.0,514.74675325
2024-09-06T00:00:00.000+0000,50572.0,51381.0,47467.0,48805.0,1090.75373174
2024-09-07T00:00:00.000+0000,48802.0,49640.0,48590.0,48939.0,314.02274353
2024-09-08T00:00:00.000+0000,48936.0,49950.0,48454.0,49546.0,243.36209307
2024-09-09T00:00:00.000+0000,49550.0,52700.0,49358.0,51714.0,606.62573927
2024-09-10T00:00:00.000+0000,51715.0,52652.0,51119.0,52323.0,454.06582543
2024-09-11T00:00:00.000+0000,52331.0,52638.0,50491.0,52088.0,761.69600365
2024-09-12T00:00:00.000+0000,52109.0,53101.0,51946.0,52475.0,644.87588745
2024-09-13T00:00:00.000+0000,52481.0,54762.0,52000.0,54635.0,654.29161904
2024-09-14T00:00:00.000+0000,54647.0,54727.0,53660.0,54140.0,300.54514209
2024-09-15T00:00:00.000+0000,54142.0,54471.0,52978.0,53365.0,286.97757534
2024-09-16T00:00:00.000+0000,53351.0,53416.0,51683.0,52338.0,631.27598949
2024-09-17T00:00:00.000+0000,52325.0,55200.0,51839.0,54216.0,813.09775672
2024-09-18T00:00:00.000+0000,54236.0,55600.0,53250.0,55566.0,634.37039625
2024-09-19T00:00:00.000+0000,55581.0,57213.0,55401.0,56326.0,796.08793406
2024-09-20T00:00:00.000+0000,56344.0,57296.0,55840.0,56604.0,513.69775123
2024-09-21T00:00:00.000+0000,56590.0,56887.0,56209.0,56707.0,122.07392703
2024-09-22T00:00:00.000+0000,56730.0,57303.0,55888.0,56943.0,280.83573397
2024-09-23T00:00:00.000+0000,56985.0,57944.0,56066.0,56997.0,521.16552975
2024-09-24T00:00:00.000+0000,57029.0,57799.0,56238.0,57398.0,748.34745251
2024-09-25T00:00:00.000+0000,57410.0,57885.0,56500.0,56733.0,476.86085409
2024-09-26T00:00:00.000+0000,56736.0,58920.0,56283.0,58312.0,1355.33268908
2024-09-27T00:00:00.000+0000,58306.0,59500.0,58033.0,58929.0,1065.87492662
2024-09-28T00:00:00.000+0000,58928.0,59357.0,58601.0,58977.0,293.48017878
2024-09-29T00:00:00.000+0000,58971.0,59121.0,58611.0,58745.0,306.37792116
2024-09-30T00:00:00.000+0000,58736.0,58739.0,56427.0,56847.0,999.49513687
2024-10-01T00:00:00.000+0000,56844.0,57704.0,54325.0,54954.0,1197.38365728
2024-10-02T00:00:00.000+0000,54933.0,56462.0,54280.0,54898.0,1051.37189441
2024-10-03T00:00:00.000+0000,54892.0,55712.0,54239.0,55072.0,458.87080417
2024-10-04T00:00:00.000+0000,55068.0,56964.0,54802.0,56571.0,551.39956705
2024-10-05T00:00:00.000+0000,56580.0,56838.0,56180.0,56533.0,201.73302113
2024-10-06T00:00:00.000+0000,56528.0,57351.0,56308.0,57249.0,316.35006949
2024-10-07T00:00:00.000+0000,57258.0,58710.0,56568.0,56683.0,801.57498601
2024-10-08T00:00:00.000+0000,56686.0,57562.0,56363.0,56608.0,489.07573331
2024-10-09T00:00:00.000+0000,56611.0,57000.0,55084.0,55389.0,386.56224995
2024-10-10T00:00:00.000+0000,55381.0,56037.0,53917.0,55144.0,529.76128876
2024-10-11T00:00:00.000+0000,55139.0,57964.0,54926.0,57123.0,577.19801382
2024-10-12T00:00:00.000+0000,57138.0,57980.0,57097.0,57650.0,160.083078
2024-10-13T00:00:00.000+0000,57646.0,57737.0,56584.0,57507.0,189.29587629
2024-10-14T00:00:00.000+0000,57496.0,60700.0,57127.0,60292.0,1177.19158305
2024-10-15T00:00:00.000+0000,60309.0,62092.0,59298.0,61524.0,766.3854204
2024-10-16T00:00:00.000+0000,61529.0,62721.0,61238.0,62156.0,630.37394553
2024-10-17T00:00:00.000+0000,62191.0,62446.0,61361.0,62204.0,426.74288889
2024-10-18T00:00:00.000+0000,62162.0,63462.0,61960.0,62935.0,492.27976553
2024-10-19T00:00:00.000+0000,62913.0,63143.0,62529.0,62814.0,108.86895331
2024-10-20T00:00:00.000+0000,62807.0,63683.0,62575.0,63329.0,199.88106441
2024-10-21T00:00:00.000+0000,63328.0,63795.0,61644.0,62209.0,540.53052087
2024-10-22T00:00:00.000+0000,62226.0,62753.0,61491.0,62388.0,449.04595569
2024-10-23T00:00:00.000+0000,62427.0,62427.0,60464.0,61816.0,754.77902549
2024-10-24T00:00:00.000+0000,61788.0,63536.0,61649.0,62954.0,672.60083022
2024-10-25T00:00:00.000+0000,62963.0,63425.0,60750.0,61741.0,574.55178561
2024-10-26T00:00:00.000+0000,61724.0,62447.0,61564.0,62133.0,169.10168723
2024-10-27T00:00:00.000+0000,62143.0,63208.0,62001.0,62924.0,215.16016928
2024-10-28T00:00:00.000+0000,62951.0,64876.0,62631.0,64591.0,782.94516495
2024-10-29T00:00:00.000+0000,64580.0,67974.0,64386.0,67066.0,1472.02125246
2024-10-30T00:00:00.000+0000,67079.0,67200.0,65891.0,66608.0,618.88333322
2024-10-31T00:00:00.000+0000,66609.0,66859.0,63957.0,64528.0,815.77209529
2024-11-01T00:00:00.000+0000,64519.0,65958.0,63250.0,64188.0,565.75850299
2024-11-02T00:00:00.000+0000,64173.0,64580.0,63800.0,64174.0,151.28923255
2024-11-03T00:00:00.000+0000,64178.0,64178.0,62391.0,63327.0,514.52320465
2024-11-04T00:00:00.000+0000,63334.0,63823.0,61433.0,62382.0,710.78082662
2024-11-05T00:00:00.000+0000,62384.0,64658.0,62060.0,63522.0,672.72986666
2024-11-06T00:00:00.000+0000,63521.0,71055.0,63457.0,70292.0,3461.38643558
2024-11-07T00:00:00.000+0000,70287.0,71200.0,68910.0,70255.0,1117.58812722
2024-11-08T00:00:00.000+0000,70276.0,72100.0,70073.0,71418.0,937.19282779
2024-11-09T00:00:00.000+0000,71407.0,71743.0,70623.0,71517.0,377.66727252
2024-11-10T00:00:00.000+0000,71517.0,75450.0,71356.0,74620.0,1708.69660981
2024-11-11T00:00:00.000+0000,74682.0,83086.0,74507.0,82275.0,3125.77162278
2024-11-12T00:00:00.000+0000,82321.0,84387.0,74163.0,82465.0,3164.64643111
2024-11-13T00:00:00.000+0000,82472.0,88000.0,80818.0,85333.0,2595.24086653
2024-11-14T00:00:00.000+0000,85351.0,87072.0,82328.0,82909.0,1729.39846715
2024-11-15T00:00:00.000+0000,82925.0,87042.0,82641.0,86169.0,1272.07163094
2024-11-16T00:00:00.000+0000,86152.0,86791.0,85096.0,85594.0,643.37666613
2024-11-17T00:00:00.000+0000,85639.0,86343.0,83953.0,85050.0,549.13204978
2024-11-18T00:00:00.000+0000,85065.0,87586.0,84589.0,85406.0,1301.33546272
2024-11-19T00:00:00.000+0000,85405.0,88710.0,85332.0,87117.0,1290.12787364
2024-11-20T00:00:00.000+0000,87152.0,90000.0,86464.0,89269.0,1444.14224235
2024-11-21T00:00:00.000+0000,89264.0,94000.0,89128.0,93550.0,2338.25933988
2024-11-22T00:00:00.000+0000,93577.0,95400.0,93081.0,94740.0,1524.55017268
2024-11-23T00:00:00.000+0000,94742.0,94742.0,92550.0,93204.0,758.96391853
2024-11-24T00:00:00.000+0000,93203.0,94092.0,91143.0,93388.0,809.40493174
2024-11-25T00:00:00.000+0000,93413.0,94447.0,88009.0,88956.0,1368.83313505
2024-11-26T00:00:00.000+0000,88949.0,90776.0,86568.0,87638.0,1498.59901181
2024-11-27T00:00:00.000+0000,87630.0,92216.0,87462.0,90847.0,848.12570337
2024-11-28T00:00:00.000+0000,90829.0,91583.0,89733.0,90580.0,670.22802504
2024-11-29T00:00:00.000+0000,90581.0,93498.0,90269.0,92135.0,883.08941268
2024-11-30T00:00:00.000+0000,92122.0,92134.0,90695.0,91134.0,299.78455191
2024-12-01T00:00:00.000+0000,91137.0,92600.0,90480.0,92138.0,475.85866075
2024-12-02T00:00:00.000+0000,92092.0,93109.0,90020.0,91246.0,924.07603457
2024-12-03T00:00:00.000+0000,91252.0,91730.0,88900.0,91264.0,1221.46380692
2024-12-04T00:00:00.000+0000,91248.0,94250.0,89916.0,93779.0,1541.99859898
2024-12-05T00:00:00.000+0000,93748.0,98157.0,90000.0,91723.0,2620.80739951
2024-12-06T00:00:00.000+0000,91722.0,96589.0,90994.0,94424.0,1127.42633957
2024-12-07T00:00:00.000+0000,94427.0,95069.0,93656.0,94379.0,355.97684495
2024-12-08T00:00:00.000+0000,94375.0,95910.0,93383.0,95674.0,312.10425638
2024-12-09T00:00:00.000+0000,95691.0,95784.0,89600.0,92322.0,1238.87219463
2024-12-10T00:00:00.000+0000,92270.0,93424.0,89600.0,91840.0,1116.37669322
2024-12-11T00:00:00.000+0000,91840.0,97000.0,90928.0,96249.0,1064.43639826
2024-12-12T00:00:00.000+0000,96254.0,97696.0,94654.0,95435.0,652.0926207
2024-12-13T00:00:00.000+0000,95444.0,97060.0,94716.0,96559.0,468.42694642
2024-12-14T00:00:00.000+0000,96546.0,97651.0,95800.0,96532.0,300.59544902
2024-12-15T00:00:00.000+0000,96503.0,99800.0,96403.0,99186.0,648.26768431
2024-12-16T00:00:00.000+0000,99093.0,102480.0,97800.0,100740.0,1952.78992723
2024-12-17T00:00:00.000+0000,100780.0,103070.0,100360.0,101180.0,796.16393117
2024-12-18T00:00:00.000+0000,101160.0,101460.0,96739.0,96944.0,1244.90500718
2024-12-19T00:00:00.000+0000,96928.0,98800.0,92064.0,94030.0,1751.50906141
2024-12-20T00:00:00.000+0000,94029.0,94574.0,88445.0,93891.0,1956.99565772
2024-12-21T00:00:00.000+0000,93894.0,95899.0,92543.0,93470.0,541.7467071
2024-12-22T00:00:00.000+0000,93517.0,93681.0,90340.0,91196.0,667.73929286
2024-12-23T00:00:00.000+0000,91188.0,92843.0,88864.0,91147.0,916.71565551
2024-12-24T00:00:00.000+0000,91142.0,95708.0,89856.0,94849.0,935.07016237
2024-12-25T00:00:00.000+0000,94844.0,95711.0,93915.0,95580.0,549.02739069
2024-12-26T00:00:00.000+0000,95589.0,96093.0,91426.0,91875.0,500.20760153
2024-12-27T00:00:00.000+0000,91867.0,93629.0,89682.0,90408.0,638.06934834
2024-12-28T00:00:00.000+0000,90374.0,91634.0,90230.0,91217.0,391.81876575
2024-12-29T00:00:00.000+0000,91219.0,91276.0,89000.0,89727.0,575.76602863
2024-12-30T00:00:00.000+0000,89722.0,91240.0,87838.0,89015.0,1090.92444935
2024-12-31T00:00:00.000+0000,89018.0,92668.0,88264.0,90156.0,692.3975258
2025-01-01T00:00:00.000+0000,90138.0,91734.0,89600.0,91185.0,442.3773698
2025-01-02T00:00:00.000+0000,91170.0,95328.0,91003.0,94387.0,1037.92390654
2025-01-03T00:00:00.000+0000,94390.0,96109.0,93421.0,95229.0,878.84634163
2025-01-04T00:00:00.000+0000,95232.0,95828.0,94638.0,95292.0,476.22536947
2025-01-05T00:00:00.000+0000,95300.0,95922.0,94387.0,95452.0,561.44450172
2025-01-06T00:00:00.000+0000,95459.0,98635.0,94869.0,98499.0,1237.1244215
2025-01-07T00:00:00.000+0000,98499.0,99000.0,92911.0,93875.0,1035.89794083
2025-01-08T00:00:00.000+0000,93865.0,94129.0,89855.0,92333.0,927.98924829
2025-01-09T00:00:00.000+0000,92300.0,92571.0,88631.0,89998.0,910.13414353
2025-01-10T00:00:00.000+0000,89982.0,93541.0,89896.0,92521.0,795.20715827
2025-01-11T00:00:00.000+0000,92518.0,92676.0,91620.0,92193.0,211.26787209
2025-01-12T00:00:00.000+0000,92192.0,93070.0,91440.0,92223.0,317.95935548
2025-01-13T00:00:00.000+0000,92266.0,93616.0,87561.0,92130.0,1317.24326316
2025-01-14T00:00:00.000+0000,92130.0,94987.0,92029.0,93714.0,960.64720367
2025-01-15T00:00:00.000+0000,93717.0,97805.0,93605.0,97490.0,1057.63330595
2025-01-16T00:00:00.000+0000,97484.0,97810.0,94657.0,96996.0,869.28077651
2025-01-17T00:00:00.000+0000,96996.0,102900.0,96955.0,101080.0,1444.58078528
2025-01-18T00:00:00.000+0000,101080.0,101800.0,99040.0,101460.0,818.58657499
2025-01-19T00:00:00.000+0000,101450.0,103690.0,82456.0,98573.0,1326.49373277
2025-01-20T00:00:00.000+0000,98553.0,106070.0,96723.0,98170.0,2389.3094494
2025-01-21T00:00:00.000+0000,98164.0,102900.0,96521.0,102020.0,1139.39331279
2025-01-22T00:00:00.000+0000,102020.0,102080.0,99245.0,99646.0,769.1038669
2025-01-23T00:00:00.000+0000,99676.0,102750.0,97260.0,99828.0,1407.7705444
2025-01-24T00:00:00.000+0000,99843.0,102020.0,98500.0,100000.0,530.0867213
2025-01-25T00:00:00.000+0000,99995.0,100460.0,99340.0,99909.0,265.72080567
2025-01-26T00:00:00.000+0000,99912.0,100640.0,98022.0,98110.0,265.41884985
2025-01-27T00:00:00.000+0000,98093.0,98768.0,93363.0,97847.0,1482.11739498
2025-01-28T00:00:00.000+0000,97845.0,99425.0,96082.0,97188.0,645.03818511
2025-01-29T00:00:00.000+0000,97183.0,100620.0,97162.0,99510.0,723.17036909
2025-01-30T00:00:00.000+0000,99516.0,101920.0,99044.0,100650.0,576.70260121
2025-01-31T00:00:00.000+0000,100700.0,101950.0,97885.0,98874.0,708.59351827
2025-02-01T00:00:00.000+0000,98875.0,99223.0,96961.0,97338.0,399.42487451
2025-02-02T00:00:00.000+0000,97333.0,98181.0,93645.0,95379.0,1671.33860454
2025-02-03T00:00:00.000+0000,95387.0,99439.0,90000.0,98381.0,1789.40744723
2025-02-04T00:00:00.000+0000,98371.0,98822.0,92718.0,94350.0,1016.0824512
2025-02-05T00:00:00.000+0000,94353.0,95361.0,92512.0,92956.0,597.67621686
2025-02-06T00:00:00.000+0000,92980.0,95718.0,92200.0,93031.0,673.82594066
2025-02-07T00:00:00.000+0000,93044.0,96549.0,92675.0,93584.0,940.6152721
2025-02-08T00:00:00.000+0000,93583.0,93949.0,92853.0,93552.0,228.49482443
2025-02-09T00:00:00.000+0000,93581.0,94340.0,92054.0,93614.0,451.7822494
2025-02-10T00:00:00.000+0000,93608.0,95320.0,92530.0,94609.0,456.582334
2025-02-11T00:00:00.000+0000,94610.0,95586.0,91515.0,92475.0,603.74152433
2025-02-12T00:00:00.000+0000,92475.0,94457.0,91155.0,94177.0,807.34004838
2025-02-13T00:00:00.000+0000,94159.0,94327.0,91340.0,92366.0,527.25259115
2025-02-14T00:00:00.000+0000,92371.0,94109.0,91716.0,92977.0,582.54001043
2025-02-15T00:00:00.000+0000,92977.0,93418.0,92722.0,93111.0,134.10193447
2025-02-16T00:00:00.000+0000,93088.0,93237.0,91661.0,91752.0,202.64145886
2025-02-17T00:00:00.000+0000,91694.0,92681.0,90903.0,91406.0,397.05408136
2025-02-18T00:00:00.000+0000,91405.0,92570.0,89373.0,91490.0,767.99889291
2025-02-19T00:00:00.000+0000,91500.0,92890.0,90921.0,92707.0,512.15127709
2025-02-20T00:00:00.000+0000,92709.0,94054.0,92481.0,93638.0,412.17046789
2025-02-21T00:00:00.000+0000,93650.0,94994.0,90665.0,91998.0,736.36459794
2025-02-22T00:00:00.000+0000,91999.0,92779.0,91650.0,92358.0,173.35886116
2025-02-23T00:00:00.000+0000,92354.0,92458.0,91089.0,91930.0,175.8051236
2025-02-24T00:00:00.000+0000,91946.0,92120.0,87327.0,87535.0,803.8154715
2025-02-25T00:00:00.000+0000,87533.0,88402.0,81738.0,84300.0,2454.38830805
2025-02-26T00:00:00.000+0000,84297.0,85114.0,78000.0,80192.0,1751.44082051
2025-02-27T00:00:00.000+0000,80206.0,83030.0,79445.0,81435.0,1004.18614456
2025-02-28T00:00:00.000+0000,81429.0,82345.0,75110.0,81291.0,2098.37240611
2025-03-01T00:00:00.000+0000,81299.0,83424.0,80789.0,83045.0,551.73287357
2025-03-02T00:00:00.000+0000,83047.0,91987.0,82087.0,90609.0,1417.60163486
2025-03-03T00:00:00.000+0000,90638.0,90750.0,81100.0,82190.0,1830.75460169
2025-03-04T00:00:00.000+0000,82144.0,83879.0,77634.0,82230.0,2059.59929319
2025-03-05T00:00:00.000+0000,82254.0,85044.0,81361.0,83995.0,890.54271567
2025-03-06T00:00:00.000+0000,83988.0,85929.0,81462.0,83437.0,945.68229417
2025-03-07T00:00:00.000+0000,83456.0,84632.0,78596.0,80132.0,1414.76470481
2025-03-08T00:00:00.000+0000,80056.0,80239.0,78573.0,79641.0,336.88491826
2025-03-09T00:00:00.000+0000,79626.0,79897.0,73588.0,74283.0,1362.59723493
2025-03-10T00:00:00.000+0000,74318.0,77730.0,71419.0,72468.0,1846.14916661
2025-03-11T00:00:00.000+0000,72460.0,76547.0,70536.0,76020.0,1830.26242401
2025-03-12T00:00:00.000+0000,76025.0,78000.0,73899.0,76872.0,1525.31428073
2025-03-13T00:00:00.000+0000,76900.0,77430.0,73590.0,74692.0,1232.22446064
2025-03-14T00:00:00.000+0000,74734.0,78500.0,74444.0,77229.0,1136.53305131
2025-03-15T00:00:00.000+0000,77247.0,77861.0,76919.0,77590.0,310.17788302
2025-03-16T00:00:00.000+0000,77595.0,78232.0,75367.0,75940.0,634.21149258
2025-03-17T00:00:00.000+0000,75925.0,77617.0,75636.0,76943.0,843.96066744
2025-03-18T00:00:00.000+0000,76943.0,76957.0,74221.0,75613.0,898.18751857
2025-03-19T00:00:00.000+0000,75612.0,79787.0,75476.0,79618.0,1240.61657818
2025-03-20T00:00:00.000+0000,79625.0,80129.0,77038.0,77565.0,1085.31080994
2025-03-21T00:00:00.000+0000,77543.0,78294.0,76763.0,77693.0,595.91254398
2025-03-22T00:00:00.000+0000,77706.0,78151.0,77332.0,77493.0,179.05623476
2025-03-23T00:00:00.000+0000,77497.0,79500.0,77461.0,79447.0,342.28123197
2025-03-24T00:00:00.000+0000,79450.0,82107.0,79008.0,81021.0,1066.22009063
2025-03-25T00:00:00.000+0000,81016.0,82066.0,79899.0,81057.0,651.398502
2025-03-26T00:00:00.000+0000,81106.0,81877.0,79857.0,80940.0,732.05382277
2025-03-27T00:00:00.000+0000,80945.0,81441.0,79531.0,80757.0,512.76025416
2025-03-28T00:00:00.000+0000,80757.0,81043.0,77201.0,77976.0,843.31985839
2025-03-29T00:00:00.000+0000,77975.0,78155.0,75429.0,76370.0,513.40045482
2025-03-30T00:00:00.000+0000,76347.0,77244.0,75474.0,76137.0,383.12439806
2025-03-31T00:00:00.000+0000,76154.0,77666.0,75064.0,76285.0,961.84067551
2025-04-01T00:00:00.000+0000,76285.0,79250.0,76148.0,78876.0,826.57975937
2025-04-02T00:00:00.000+0000,78887.0,81274.0,75590.0,75637.0,1606.61008081
2025-04-03T00:00:00.000+0000,75634.0,76906.0,73056.0,75314.0,1739.95097062
2025-04-04T00:00:00.000+0000,75331.0,77267.0,73893.0,76499.0,1778.80464652
2025-04-05T00:00:00.000+0000,76506.0,76855.0,75136.0,76156.0,339.36066468
2025-04-06T00:00:00.000+0000,76173.0,76407.0,70000.0,71285.0,1404.73875483
2025-04-07T00:00:00.000+0000,71303.0,74271.0,67390.0,72525.0,2903.90655593
2025-04-08T00:00:00.000+0000,72527.0,73731.0,69376.0,69456.0,1237.15080022
2025-04-09T00:00:00.000+0000,69470.0,76379.0,67576.0,75425.0,2505.93633293
2025-04-10T00:00:00.000+0000,75440.0,75529.0,70050.0,70712.0,1796.79172125
2025-04-11T00:00:00.000+0000,70706.0,74542.0,69813.0,73411.0,2584.14465884
2025-04-12T00:00:00.000+0000,73412.0,75702.0,72886.0,75118.0,499.80563627
2025-04-13T00:00:00.000+0000,75117.0,75829.0,73294.0,73791.0,648.45723205
2025-04-14T00:00:00.000+0000,73830.0,75566.0,73628.0,74626.0,1293.64000918
2025-04-15T00:00:00.000+0000,74668.0,76421.0,74050.0,74090.0,1117.98891971
2025-04-16T00:00:00.000+0000,74088.0,75200.0,73097.0,73728.0,1016.22732067
2025-04-17T00:00:00.000+0000,73728.0,75276.0,73624.0,74696.0,749.09120668
2025-04-18T00:00:00.000+0000,74703.0,74846.0,74023.0,74188.0,320.95291398
2025-04-19T00:00:00.000+0000,74159.0,75171.0,74065.0,74666.0,180.9621937
2025-04-20T00:00:00.000+0000,74660.0,74887.0,73755.0,74434.0,489.84954968
2025-04-21T00:00:00.000+0000,74434.0,76915.0,74341.0,75988.0,1127.33469939
2025-04-22T00:00:00.000+0000,75994.0,82658.0,75800.0,82431.0,1743.86108713
2025-04-23T00:00:00.000+0000,82421.0,83202.0,80763.0,82706.0,1110.66804089
2025-04-24T00:00:00.000+0000,82705.0,82830.0,80585.0,82677.0,912.3970794
2025-04-25T00:00:00.000+0000,82680.0,84337.0,81828.0,83340.0,964.90132792
2025-04-26T00:00:00.000+0000,83343.0,83821.0,82681.0,83341.0,293.60507322
2025-04-27T00:00:00.000+0000,83382.0,83954.0,82434.0,82652.0,285.77024524
2025-04-28T00:00:00.000+0000,82661.0,84255.0,81785.0,83318.0,821.82541985
2025-04-29T00:00:00.000+0000,83308.0,83910.0,82355.0,82796.0,900.91950323
2025-04-30T00:00:00.000+0000,82796.0,83775.0,81729.0,83200.0,1392.5321874
2025-05-01T00:00:00.000+0000,83199.0,86373.0,83140.0,85444.0,1433.44346318
2025-05-02T00:00:00.000+0000,85437.0,86410.0,85058.0,85775.0,1214.43700612
2025-05-03T00:00:00.000+0000,85771.0,85825.0,84819.0,84923.0,357.54566018
2025-05-04T00:00:00.000+0000,84910.0,85290.0,83193.0,83314.0,501.07931555
2025-05-05T00:00:00.000+0000,83312.0,84169.0,82457.0,83769.0,1192.41356741
2025-05-06T00:00:00.000+0000,83773.0,85463.0,82274.0,85402.0,1168.23512664
2025-05-07T00:00:00.000+0000,85408.0,86248.0,84457.0,85841.0,1135.05033106
2025-05-08T00:00:00.000+0000,85839.0,92700.0,85615.0,91867.0,1991.5418449
2025-05-09T00:00:00.000+0000,91867.0,92700.0,90709.0,91467.0,1163.03769316
2025-05-10T00:00:00.000+0000,91472.0,93198.0,91320.0,93053.0,581.51689841
2025-05-11T00:00:00.000+0000,93053.0,93176.0,91794.0,92696.0,816.89560915
2025-05-12T00:00:00.000+0000,92707.0,94897.0,90748.0,92603.0,1975.76736813
2025-05-13T00:00:00.000+0000,92594.0,93823.0,91330.0,93072.0,836.37880425
2025-05-14T00:00:00.000+0000,93061.0,93063.0,91502.0,92557.0,869.43290137
2025-05-15T00:00:00.000+0000,92561.0,93287.0,90626.0,92751.0,1255.33444011
2025-05-16T00:00:00.000+0000,92762.0,93847.0,92056.0,92655.0,863.94670324
2025-05-17T00:00:00.000+0000,92655.0,92944.0,91935.0,92400.0,337.7472214
2025-05-18T00:00:00.000+0000,92413.0,95314.0,92395.0,95116.0,948.07323139
2025-05-19T00:00:00.000+0000,95123.0,95701.0,90700.0,94025.0,1426.71830266
2025-05-20T00:00:00.000+0000,94020.0,95113.0,92680.0,94623.0,1190.63891298
2025-05-21T00:00:00.000+0000,94661.0,97747.0,93521.0,96703.0,2350.20105278
2025-05-22T00:00:00.000+0000,96705.0,99300.0,96286.0,98840.0,1353.14702449
2025-05-23T00:00:00.000+0000,98830.0,98900.0,93978.0,94464.0,1451.32735713
2025-05-24T00:00:00.000+0000,94435.0,96387.0,94073.0,94908.0,476.05702053
2025-05-25T00:00:00.000+0000,94904.0,96207.0,93950.0,95919.0,521.33306462
2025-05-26T00:00:00.000+0000,95925.0,97081.0,95490.0,96156.0,647.59831671
2025-05-27T00:00:00.000+0000,96156.0,97525.0,94350.0,96106.0,1176.15443292
2025-05-28T00:00:00.000+0000,96102.0,96563.0,94612.0,96012.0,969.56346786
2025-05-29T00:00:00.000+0000,96023.0,96573.0,92646.0,92899.0,1463.16585189
2025-05-30T00:00:00.000+0000,92890.0,93834.0,91420.0,91770.0,989.34935029
2025-05-31T00:00:00.000+0000,91769.0,92762.0,91000.0,92408.0,319.28025822
2025-06-01T00:00:00.000+0000,92408.0,93405.0,91673.0,93230.0,246.61019201
2025-06-02T00:00:00.000+0000,93240.0,93240.0,90780.0,92479.0,506.95395524
2025-06-03T00:00:00.000+0000,92511.0,93990.0,91952.0,92647.0,447.78529008
2025-06-04T00:00:00.000+0000,92650.0,93203.0,91283.0,91749.0,417.70070478
2025-06-05T00:00:00.000+0000,91752.0,92729.0,87751.0,88725.0,1020.67856054
2025-06-06T00:00:00.000+0000,88728.0,92603.0,88339.0,91617.0,609.33924335
2025-06-07T00:00:00.000+0000,91620.0,92990.0,91255.0,92685.0,208.03575434
2025-06-08T00:00:00.000+0000,92694.0,93513.0,92209.0,92766.0,231.36907633
2025-06-09T00:00:00.000+0000,92769.0,96818.0,92272.0,96517.0,642.49021483
2025-06-10T00:00:00.000+0000,96517.0,96588.0,94888.0,96405.0,647.98179159
2025-06-11T00:00:00.000+0000,96428.0,96440.0,94007.0,94448.0,515.10980986
2025-06-12T00:00:00.000+0000,94429.0,94625.0,91129.0,91144.0,697.56795269
2025-06-13T00:00:00.000+0000,91135.0,92010.0,89089.0,91895.0,1001.22687276
2025-06-14T00:00:00.000+0000,91920.0,92060.0,90392.0,91362.0,166.31049054
2025-06-15T00:00:00.000+0000,91368.0,91999.0,90620.0,91550.0,227.2001253
2025-06-16T00:00:00.000+0000,91550.0,94310.0,90974.0,92458.0,534.58091595
2025-06-17T00:00:00.000+0000,92479.0,93220.0,89891.0,91060.0,638.04040611
2025-06-18T00:00:00.000+0000,91078.0,91781.0,90146.0,91419.0,715.35829739
2025-06-19T00:00:00.000+0000,91458.0,91774.0,90576.0,90906.0,396.56044579
2025-06-20T00:00:00.000+0000,90910.0,92500.0,88703.0,89702.0,608.70721431
2025-06-21T00:00:00.000+0000,89710.0,90336.0,87615.0,88699.0,346.54818683
2025-06-22T00:00:00.000+0000,88731.0,89818.0,85425.0,87816.0,1079.88611359
2025-06-23T00:00:00.000+0000,87801.0,91545.0,86493.0,90916.0,886.10380454
2025-06-24T00:00:00.000+0000,90920.0,91588.0,90321.0,91430.0,496.96042667
2025-06-25T00:00:00.000+0000,91444.0,93262.0,91129.0,91941.0,413.05452212
2025-06-26T00:00:00.000+0000,91944.0,92620.0,91111.0,91509.0,397.66348749
2025-06-27T00:00:00.000+0000,91505.0,92535.0,90764.0,91440.0,263.00197029
2025-06-28T00:00:00.000+0000,91461.0,91871.0,91263.0,91641.0,57.12141904
2025-06-29T00:00:00.000+0000,91648.0,92648.0,91533.0,92442.0,181.11950489
2025-06-30T00:00:00.000+0000,92452.0,92868.0,90753.0,90950.0,313.50088054
2025-07-01T00:00:00.000+0000,90922.0,91211.0,89292.0,89560.0,376.41042215
2025-07-02T00:00:00.000+0000,89562.0,93073.0,89062.0,92261.0,452.44569048
2025-07-03T00:00:00.000+0000,92271.0,93948.0,91985.0,93177.0,459.19374825
2025-07-04T00:00:00.000+0000,93184.0,93328.0,91117.0,91790.0,219.66288025
2025-07-05T00:00:00.000+0000,91784.0,92185.0,91580.0,91981.0,61.19713815
2025-07-06T00:00:00.000+0000,91980.0,93180.0,91615.0,92724.0,142.73395984
2025-07-07T00:00:00.000+0000,92724.0,93214.0,91916.0,92248.0,289.85006444
2025-07-08T00:00:00.000+0000,92237.0,93320.0,91501.0,92955.0,253.79250591
2025-07-09T00:00:00.000+0000,92948.0,95555.0,92570.0,94786.0,524.65781568
2025-07-10T00:00:00.000+0000,94786.0,99731.0,94440.0,98800.0,886.49543163
2025-07-11T00:00:00.000+0000,98800.0,101170.0,98369.0,100020.0,1208.66661891
2025-07-12T00:00:00.000+0000,100020.0,100570.0,99270.0,99849.0,294.46508065
2025-07-13T00:00:00.000+0000,99888.0,101990.0,99712.0,101670.0,375.09825591
2025-07-14T00:00:00.000+0000,101690.0,104390.0,101400.0,102630.0,924.85635922
2025-07-15T00:00:00.000+0000,102610.0,102650.0,99379.0,101400.0,658.48258866
2025-07-16T00:00:00.000+0000,101400.0,103120.0,100740.0,101990.0,530.00092857
2025-07-17T00:00:00.000+0000,101960.0,104240.0,101250.0,102570.0,472.00422074
2025-07-18T00:00:00.000+0000,102620.0,103950.0,100460.0,101440.0,494.33172446
2025-07-19T00:00:00.000+0000,101440.0,101920.0,100870.0,101380.0,123.43046531
2025-07-20T00:00:00.000+0000,101390.0,102090.0,100030.0,100820.0,284.0379136
2025-07-21T00:00:00.000+0000,100790.0,102740.0,99787.0,100400.0,483.00545032
2025-07-22T00:00:00.000+0000,100400.0,102350.0,99405.0,102200.0,391.10109765
2025-07-23T00:00:00.000+0000,102200.0,102320.0,99704.0,100900.0,367.80664515
2025-07-24T00:00:00.000+0000,100910.0,101640.0,99598.0,100660.0,369.29105592
2025-07-25T00:00:00.000+0000,100650.0,100830.0,97635.0,100140.0,643.65930499
2025-07-26T00:00:00.000+0000,100130.0,100720.0,99718.0,100380.0,118.72451751
2025-07-27T00:00:00.000+0000,100400.0,101870.0,100300.0,101570.0,205.09443666
2025-07-28T00:00:00.000+0000,101580.0,102320.0,101190.0,101810.0,364.32855503
2025-07-29T00:00:00.000+0000,101800.0,103250.0,101260.0,102090.0,386.1172694
2025-07-30T00:00:00.000+0000,102080.0,103400.0,101330.0,103070.0,400.0116694
2025-07-31T00:00:00.000+0000,103060.0,103990.0,101160.0,101380.0,391.37131816
2025-08-01T00:00:00.000+0000,101370.0,101700.0,97337.0,97858.0,877.8634858
2025-08-02T00:00:00.000+0000,97843.0,98590.0,96749.0,97211.0,363.72365698
2025-08-03T00:00:00.000+0000,97229.0,99305.0,96673.0,98662.0,256.00608373
2025-08-04T00:00:00.000+0000,98661.0,100050.0,98530.0,99348.0,259.97823644
2025-08-05T00:00:00.000+0000,99369.0,99753.0,97415.0,98600.0,272.32100346
2025-08-06T00:00:00.000+0000,98610.0,99336.0,97760.0,98640.0,161.93059179
2025-08-07T00:00:00.000+0000,98641.0,100970.0,97939.0,100630.0,305.98903458
2025-08-08T00:00:00.000+0000,100630.0,100830.0,99400.0,100140.0,185.07697091
2025-08-09T00:00:00.000+0000,100140.0,101020.0,99566.0,99640.0,199.8950125
2025-08-10T00:00:00.000+0000,99641.0,102250.0,99641.0,102240.0,261.95525551
2025-08-11T00:00:00.000+0000,102240.0,104500.0,101630.0,102170.0,712.12818412
2025-08-12T00:00:00.000+0000,102160.0,102990.0,101770.0,102780.0,288.80017018
2025-08-13T00:00:00.000+0000,102760.0,105070.0,101710.0,104830.0,649.56349563
2025-08-14T00:00:00.000+0000,104790.0,105600.0,100720.0,101610.0,775.29194771
2025-08-15T00:00:00.000+0000,101610.0,102340.0,99876.0,100420.0,325.2384246
2025-08-16T00:00:00.000+0000,100400.0,100890.0,100280.0,100490.0,86.94127718
2025-08-17T00:00:00.000+0000,100470.0,101460.0,100330.0,100380.0,115.24345096
2025-08-18T00:00:00.000+0000,100360.0,100530.0,98190.0,99640.0,450.77130376
2025-08-19T00:00:00.000+0000,99687.0,100150.0,96825.0,96953.0,441.57634076
2025-08-20T00:00:00.000+0000,96978.0,98379.0,96405.0,98094.0,340.38959883
2025-08-21T00:00:00.000+0000,98106.0,98580.0,96484.0,96850.0,246.76632031
2025-08-22T00:00:00.000+0000,96861.0,100130.0,96151.0,99205.0,552.13723377
2025-08-23T00:00:00.000+0000,99236.0,99300.0,97277.0,97934.0,172.50597494
2025-08-24T00:00:00.000+0000,97921.0,98168.0,94300.0,96827.0,465.11783888
2025-08-25T00:00:00.000+0000,96849.0,97112.0,94086.0,94847.0,517.24539984
2025-08-26T00:00:00.000+0000,94825.0,96560.0,93347.0,96072.0,452.01597388
2025-08-27T00:00:00.000+0000,96059.0,97200.0,95275.0,95533.0,266.32848752
2025-08-28T00:00:00.000+0000,95525.0,97378.0,95231.0,96383.0,239.52825805
2025-08-29T00:00:00.000+0000,96372.0,96463.0,92028.0,92782.0,556.22826475
2025-08-30T00:00:00.000+0000,92765.0,93294.0,91920.0,93209.0,156.99747074
2025-08-31T00:00:00.000+0000,93220.0,93756.0,91451.0,92626.0,181.00754423
2025-09-01T00:00:00.000+0000,92588.0,93743.0,91611.0,93260.0,257.37777774
2025-09-02T00:00:00.000+0000,93230.0,95825.0,93024.0,95589.0,498.39841012
2025-09-03T00:00:00.000+0000,95603.0,96509.0,95028.0,95836.0,294.21606383
2025-09-04T00:00:00.000+0000,95829.0,96272.0,93943.0,95000.0,281.41612436
2025-09-05T00:00:00.000+0000,95002.0,96846.0,94004.0,94488.0,537.82528722
2025-09-06T00:00:00.000+0000,94504.0,95048.0,93929.0,94122.0,86.78042079
2025-09-07T00:00:00.000+0000,94117.0,95307.0,94105.0,94894.0,115.56664377
2025-09-08T00:00:00.000+0000,94900.0,96120.0,94471.0,95246.0,300.99485632
2025-09-09T00:00:00.000+0000,95228.0,96298.0,94393.0,95298.0,421.58204862
2025-09-10T00:00:00.000+0000,95309.0,97544.0,94820.0,97369.0,619.34843519
2025-09-11T00:00:00.000+0000,97360.0,98457.0,96752.0,98457.0,526.71589131
2025-09-12T00:00:00.000+0000,98457.0,99510.0,97927.0,98845.0,546.90295802
2025-09-13T00:00:00.000+0000,98866.0,99059.0,97808.0,98539.0,233.06502112
2025-09-14T00:00:00.000+0000,98555.0,98930.0,97889.0,98366.0,208.98651075
2025-09-15T00:00:00.000+0000,98321.0,99581.0,97278.0,98105.0,439.12651118
2025-09-16T00:00:00.000+0000,98089.0,98631.0,96991.0,98423.0,326.98397236
2025-09-17T00:00:00.000+0000,98430.0,99080.0,96750.0,98459.0,725.76600233
2025-09-18T00:00:00.000+0000,98504.0,100120.0,98235.0,99350.0,675.42500584
2025-09-19T00:00:00.000+0000,99356.0,99732.0,98036.0,98555.0,290.23175523
2025-09-20T00:00:00.000+0000,98545.0,98999.0,98371.0,98620.0,58.40541349
2025-09-21T00:00:00.000+0000,98620.0,98708.0,98151.0,98241.0,77.68142016
2025-09-22T00:00:00.000+0000,98245.0,98403.0,94980.0,95592.0,582.75777484
2025-09-23T00:00:00.000+0000,95585.0,96100.0,94400.0,94838.0,314.78262632
2025-09-24T00:00:00.000+0000,94829.0,97180.0,94149.0,96540.0,608.63840843
2025-09-25T00:00:00.000+0000,96538.0,96730.0,93201.0,93510.0,740.07765112
2025-09-26T00:00:00.000+0000,93522.0,94375.0,93082.0,93821.0,651.36411675
2025-09-27T00:00:00.000+0000,93812.0,93891.0,93322.0,93827.0,105.96306169
2025-09-28T00:00:00.000+0000,93830.0,96056.0,93418.0,95919.0,160.71179171
2025-09-29T00:00:00.000+0000,95917.0,97643.0,95150.0,97510.0,407.72532004
2025-09-30T00:00:00.000+0000,97508.0,98026.0,95912.0,97197.0,457.93222015
2025-10-01T00:00:00.000+0000,97203.0,101118.0,97103.0,101049.0,908.30551413
2025-10-02T00:00:00.000+0000,101081.0,103217.0,100699.0,102818.0,753.96341156
2025-10-03T00:00:00.000+0000,102823.0,105378.0,101608.0,104000.0,950.08812086
2025-10-04T00:00:00.000+0000,104021.0,104533.0,103143.0,103990.0,189.3888304
2025-10-05T00:00:00.000+0000,103990.0,106290.0,103510.0,105080.0,597.9213793
2025-10-06T00:00:00.000+0000,105100.0,107470.0,104757.0,106219.0,626.30054477
2025-10-07T00:00:00.000+0000,106226.0,107237.0,103391.0,104150.0,528.8073909
2025-10-08T00:00:00.000+0000,104154.0,107017.0,104154.0,106039.0,438.99877034
2025-10-09T00:00:00.000+0000,106039.0,106620.0,103576.0,105198.0,670.0698487
2025-10-10T00:00:00.000+0000,105202.0,105990.0,90000.0,98453.0,1862.22265715
2025-10-11T00:00:00.000+0000,98440.0,100166.0,95580.0,96855.0,716.31291214
2025-10-12T00:00:00.000+0000,96856.0,100500.0,95799.0,99442.0,566.82859301
2025-10-13T00:00:00.000+0000,99444.0,100309.0,98331.0,99740.0,439.30738222
2025-10-14T00:00:00.000+0000,99730.0,99992.0,95113.0,97594.0,698.94829265
2025-10-15T00:00:00.000+0000,97591.0,97943.0,94781.0,95153.0,508.91863602
2025-10-16T00:00:00.000+0000,95159.0,96164.0,92000.0,92535.0,1191.98240689
2025-10-17T00:00:00.000+0000,92522.0,93456.0,88559.0,91443.0,1509.13104702
2025-10-18T00:00:00.000+0000,91458.0,92400.0,91376.0,92129.0,327.7772944
2025-10-19T00:00:00.000+0000,92118.0,94142.0,91146.0,93290.0,471.10669671
2025-10-20T00:00:00.000+0000,93239.0,95858.0,92225.0,94956.0,587.84318019
2025-10-21T00:00:00.000+0000,94964.0,98224.0,92444.0,93425.0,1140.56338825
2025-10-22T00:00:00.000+0000,93370.0,94057.0,91914.0,92696.0,930.60358248
2025-10-23T00:00:00.000+0000,92682.0,95867.0,92660.0,94777.0,605.64650611
2025-10-24T00:00:00.000+0000,94773.0,96329.0,94328.0,95496.0,542.4609687
2025-10-25T00:00:00.000+0000,95505.0,96242.0,95169.0,96008.0,246.40096485
2025-10-26T00:00:00.000+0000,95987.0,99172.0,95657.0,98459.0,462.90302423
2025-10-27T00:00:00.000+0000,98470.0,100075.0,97653.0,97909.0,458.52570233
2025-10-28T00:00:00.000+0000,97853.0,99635.0,96356.0,96940.0,428.56959588
2025-10-29T00:00:00.000+0000,96888.0,97735.0,94260.0,94852.0,675.25147758
2025-10-30T00:00:00.000+0000,94839.0,96132.0,91935.0,93635.0,735.8771531
2025-10-31T00:00:00.000+0000,93636.0,96347.0,93605.0,94886.0,655.23428954
2025-11-01T00:00:00.000+0000,94886.0,95735.0,94726.0,95269.0,225.68158892
2025-11-02T00:00:00.000+0000,95270.0,96286.0,94860.0,95856.0,442.72592427
2025-11-03T00:00:00.000+0000,95801.0,96022.0,91391.0,92488.0,955.12832008
2025-11-04T00:00:00.000+0000,92508.0,93200.0,86129.0,88380.0,1932.38066778
2025-11-05T00:00:00.000+0000,88377.0,91083.0,86100.0,90375.0,1012.29190406
2025-11-06T00:00:00.000+0000,90364.0,90599.0,86900.0,87724.0,764.77181207
2025-11-07T00:00:00.000+0000,87727.0,89962.0,85834.0,89267.0,946.7517081
2025-11-08T00:00:00.000+0000,89292.0,89339.0,87676.0,88400.0,407.36758908
2025-11-09T00:00:00.000+0000,88409.0,91233.0,87617.0,90656.0,589.02520983
2025-11-10T00:00:00.000+0000,90643.0,92242.0,90227.0,91663.0,755.26340407
2025-11-11T00:00:00.000+0000,91676.0,92989.0,88437.0,88945.0,810.36299844
2025-11-12T00:00:00.000+0000,88948.0,91000.0,87013.0,87723.0,556.98367604
2025-11-13T00:00:00.000+0000,87700.0,89793.0,84191.0,85693.0,1177.20494346
2025-11-14T00:00:00.000+0000,85701.0,85835.0,80811.0,81311.0,1748.94361465
2025-11-15T00:00:00.000+0000,81362.0,83250.0,81319.0,82273.0,550.56588439
2025-11-16T00:00:00.000+0000,82291.0,83144.0,79843.0,81028.0,957.57858559
2025-11-17T00:00:00.000+0000,81046.0,82790.0,78566.0,79357.0,1309.39926102
2025-11-18T00:00:00.000+0000,79378.0,81048.0,76850.0,80227.0,1316.13928782
2025-11-19T00:00:00.000+0000,80238.0,80238.0,76792.0,79275.0,1107.50755551
2025-11-20T00:00:00.000+0000,79266.0,80831.0,74560.0,75021.0,1517.22161184
2025-11-21T00:00:00.000+0000,74998.0,75782.0,70005.0,73907.0,3097.68970495
2025-11-22T00:00:00.000+0000,73934.0,74320.0,72550.0,73605.0,629.64557787
2025-11-23T00:00:00.000+0000,73598.0,76674.0,73543.0,75491.0,860.46997299
2025-11-24T00:00:00.000+0000,75441.0,77498.0,73949.0,76653.0,1146.49544261
2025-11-25T00:00:00.000+0000,76648.0,76883.0,74444.0,75544.0,761.80519412
2025-11-26T00:00:00.000+0000,75554.0,78232.0,74588.0,78019.0,762.55338287
2025-11-27T00:00:00.000+0000,78013.0,79475.0,77665.0,78772.0,596.32255187
2025-11-28T00:00:00.000+0000,78760.0,80519.0,77853.0,78433.0,683.77725439
2025-11-29T00:00:00.000+0000,78430.0,78717.0,77850.0,78381.0,133.59928075
2025-11-30T00:00:00.000+0000,78388.0,79403.0,77909.0,77928.0,249.21311601
2025-12-01T00:00:00.000+0000,77915.0,77968.0,72094.0,74353.0,1161.7477448
2025-12-02T00:00:00.000+0000,74342.0,79495.0,74266.0,78514.0,998.20521242
2025-12-03T00:00:00.000+0000,78510.0,80716.0,78235.0,80097.0,1016.45701588
2025-12-04T00:00:00.000+0000,80102.0,80693.0,78015.0,79096.0,519.54505016
2025-12-05T00:00:00.000+0000,79098.0,79584.0,75722.0,76834.0,676.99043213
2025-12-06T00:00:00.000+0000,76811.0,77624.0,76473.0,76761.0,213.21077308
2025-12-07T00:00:00.000+0000,76759.0,78880.0,75411.0,77697.0,453.93438661
2025-12-08T00:00:00.000+0000,77631.0,79217.0,77145.0,77912.0,526.64737917
2025-12-09T00:00:00.000+0000,77888.0,81311.0,76888.0,79682.0,868.19855838
2025-12-10T00:00:00.000+0000,79660.0,80824.0,78603.0,78654.0,838.64452556
2025-12-11T00:00:00.000+0000,78621.0,79733.0,76027.0,78816.0,882.24094404
2025-12-12T00:00:00.000+0000,78834.0,79065.0,76344.0,76982.0,570.00654034
2025-12-13T00:00:00.000+0000,76983.0,77290.0,76523.0,76937.0,116.03398288
2025-12-14T00:00:00.000+0000,76938.0,77136.0,74661.0,75158.0,413.40122843
2025-12-15T00:00:00.000+0000,75166.0,76734.0,72525.0,73558.0,876.63980323
2025-12-16T00:00:00.000+0000,73558.0,74908.0,72570.0,74756.0,1009.00084214
2025-12-17T00:00:00.000+0000,74705.0,76899.0,72621.0,73412.0,922.30609897
2025-12-18T00:00:00.000+0000,73391.0,76142.0,72008.0,72900.0,1089.09823614
2025-12-19T00:00:00.000+0000,72907.0,76253.0,72579.0,75219.0,816.69059781
2025-12-20T00:00:00.000+0000,75222.0,75554.0,74913.0,75447.0,287.04226722
2025-12-21T00:00:00.000+0000,75464.0,76068.0,74800.0,75655.0,306.78298635
2025-12-22T00:00:00.000+0000,75695.0,77151.0,74778.0,75287.0,598.60930086
2025-12-23T00:00:00.000+0000,75244.0,75561.0,73538.0,74131.0,481.26303725
2025-12-24T00:00:00.000+0000,74145.0,74721.0,73319.0,74402.0,250.83342436
2025-12-25T00:00:00.000+0000,74397.0,75136.0,73774.0,74050.0,215.27487517
2025-12-26T00:00:00.000+0000,74005.0,75982.0,73520.0,74193.0,419.95004488
2025-12-27T00:00:00.000+0000,74196.0,74643.0,74100.0,74569.0,100.83942888
2025-12-28T00:00:00.000+0000,74597.0,74750.0,74131.0,74613.0,219.13515823
2025-12-29T00:00:00.000+0000,74633.0,76679.0,73739.0,74023.0,892.00265495
2025-12-30T00:00:00.000+0000,74017.0,75950.0,73682.0,75250.0,713.27977013
2025-12-31T00:00:00.000+0000,75228.0,75843.0,74092.0,74470.0,735.9524868
2026-01-01T00:00:00.000+0000,74470.0,75582.0,74343.0,75519.0,266.03771165
2026-01-02T00:00:00.000+0000,75519.0,77507.0,75059.0,76796.0,1111.21138024
2026-01-03T00:00:00.000+0000,76789.0,77451.0,76211.0,77385.0,307.87866054
2026-01-04T00:00:00.000+0000,77377.0,78364.0,77377.0,78200.0,365.18186256
2026-01-05T00:00:00.000+0000,78204.0,80891.0,78187.0,80157.0,1039.85627932
2026-01-06T00:00:00.000+0000,80150.0,80700.0,77966.0,80200.0,974.72459744
2026-01-07T00:00:00.000+0000,80196.0,80197.0,77582.0,78205.0,822.69451943
2026-01-08T00:00:00.000+0000,78199.0,78490.0,76521.0,78122.0,800.35601524
2026-01-09T00:00:00.000+0000,78117.0,79066.0,76960.0,77846.0,790.2523483
2026-01-10T00:00:00.000+0000,77842.0,78035.0,77645.0,77788.0,94.16282495
2026-01-11T00:00:00.000+0000,77797.0,78384.0,77505.0,78210.0,225.75981536
2026-01-12T00:00:00.000+0000,78208.0,79268.0,77070.0,78186.0,829.4750285
2026-01-13T00:00:00.000+0000,78184.0,82841.0,78008.0,81892.0,1138.51051914
2026-01-14T00:00:00.000+0000,81892.0,84147.0,81068.0,83273.0,1075.77816697
2026-01-15T00:00:00.000+0000,83268.0,83703.0,81700.0,82352.0,677.46310394
2026-01-16T00:00:00.000+0000,82316.0,82578.0,81325.0,82352.0,476.79214213
2026-01-17T00:00:00.000+0000,82379.0,82480.0,81919.0,82097.0,124.74186239
2026-01-18T00:00:00.000+0000,82075.0,82434.0,80257.0,80588.0,248.3039317
2026-01-19T00:00:00.000+0000,80569.0,80579.0,78956.0,79538.0,732.41474063
2026-01-20T00:00:00.000+0000,79535.0,79756.0,74879.0,75325.0,1838.18307274
2026-01-21T00:00:00.000+0000,75319.0,77395.0,74472.0,76592.0,1828.15955427
2026-01-22T00:00:00.000+0000,76591.0,77289.0,75414.0,76135.0,881.9979876
2026-01-23T00:00:00.000+0000,76142.0,77325.0,75301.0,75721.0,880.27756324
2026-01-24T00:00:00.000+0000,75722.0,75980.0,75330.0,75377.0,120.31247822
2026-01-25T00:00:00.000+0000,75373.0,75463.0,72365.0,73017.0,965.65213391
2026-01-26T00:00:00.000+0000,73013.0,74784.0,72890.0,74340.0,964.79081183
2026-01-27T00:00:00.000+0000,74345.0,74840.0,72800.0,74143.0,1125.80096544
2026-01-28T00:00:00.000+0000,74143.0,75800.0,73964.0,74453.0,1640.338428
2026-01-29T00:00:00.000+0000,74453.0,74535.0,69609.0,70645.0,1756.13569602
2026-01-30T00:00:00.000+0000,70647.0,71199.0,67892.0,71003.0,2018.22364458
2026-01-31T00:00:00.000+0000,71000.0,71020.0,63922.0,66559.0,2137.72398317
2026-02-01T00:00:00.000+0000,66556.0,67136.0,63902.0,64920.0,1487.55492748
2026-02-02T00:00:00.000+0000,64920.0,67240.0,62810.0,66706.0,1968.05758844
2026-02-03T00:00:00.000+0000,66721.0,67050.0,61716.0,64061.0,2097.47558039
2026-02-04T00:00:00.000+0000,64053.0,65060.0,60755.0,61890.0,1849.49329136
2026-02-05T00:00:00.000+0000,61870.0,62003.0,52773.0,53342.0,4758.37563813
2026-02-06T00:00:00.000+0000,53344.0,60817.0,50941.0,59821.0,3128.48025152
2026-02-07T00:00:00.000+0000,59802.0,60749.0,57050.0,58810.0,1110.62702344
2026-02-08T00:00:00.000+0000,58733.0,61244.0,58417.0,59581.0,822.34659952
2026-02-09T00:00:00.000+0000,59537.0,60456.0,57350.0,58919.0,1146.87366598
2026-02-10T00:00:00.000+0000,58941.0,59218.0,56908.0,57890.0,934.05005673
2026-02-11T00:00:00.000+0000,57896.0,58233.0,55421.0,56492.0,1942.85392153
2026-02-12T00:00:00.000+0000,56476.0,57563.0,54900.0,55817.0,1333.46745153
2026-02-13T00:00:00.000+0000,55800.0,58528.0,55490.0,58006.0,1484.65705114
2026-02-14T00:00:00.000+0000,58002.0,59550.0,57933.0,58914.0,793.37973947
2026-02-15T00:00:00.000+0000,58921.0,59949.0,57355.0,58007.0,1229.07310039
2026-02-16T00:00:00.000+0000,57998.0,59163.0,56789.0,58143.0,691.66026274
2026-02-17T00:00:00.000+0000,58154.0,58458.0,56428.0,56964.0,787.07491582
2026-02-18T00:00:00.000+0000,56958.0,57872.0,55875.0,56386.0,937.16806618
2026-02-19T00:00:00.000+0000,56380.0,57078.0,55860.0,56905.0,1118.15836532
2026-02-20T00:00:00.000+0000,56917.0,58063.0,56448.0,57482.0,1917.07550796
